Pos,ReservNr,Bedarfsmenge,BME,Material,BedTermin,BME.1,Gel,KdA-Pos,Auftrag,Angel.am,Uhrzeit
159,3289862,1,ST,25b848c28035d21322657ea7e8518966,19.09.24,ST,,0,4061994,21.06.24,14:30:33
83,3287349,1,ST,9cc7482de525b9c53925acfafb213394,25.09.24,ST,X,0,4061920,21.06.24,14:31:24
84,3287349,2,ST,0f35c0d0c91d7a2aef10b549d7b4d543,25.09.24,ST,,0,4061920,21.06.24,14:31:25
85,3287349,2,ST,0fe99e1aeda508143412d268a3dbec42,25.09.24,ST,,0,4061920,21.06.24,14:31:25
86,3287349,1,ST,df51b8baf9ce664eee0e8f98b597c69e,25.09.24,ST,,0,4061920,21.06.24,14:31:25
87,3287349,1,ST,0fec28a07a4f511d4f3f804f88baa5c7,25.09.24,ST,,0,4061920,21.06.24,14:31:25
88,3287349,1,ST,9cc7482de525b9c53925acfafb213394,25.09.24,ST,,0,4061920,21.06.24,14:31:25
89,3287349,1,ST,866bb5776ad1f568c28e9bcc7baa8cad,25.09.24,ST,X,0,4061920,21.06.24,14:31:25
90,3287349,1,ST,df1b426ecaae11331a75cfb239f00aa1,25.09.24,ST,,0,4061920,21.06.24,14:31:26
91,3287349,1,ST,a57cfd70cfabf90e03b530feb14e20c9,25.09.24,ST,,0,4061920,21.06.24,14:31:26
92,3287349,1,ST,866bb5776ad1f568c28e9bcc7baa8cad,25.09.24,ST,,0,4061920,21.06.24,14:31:26
3975,3055207,2,ST,ce327d90a3c0b1e3f8ffa4fc353bba88,21.06.24,ST,,0,4054938,21.06.24,11:33:04
3322,3055685,2,ST,ce327d90a3c0b1e3f8ffa4fc353bba88,21.06.24,ST,,0,4054984,21.06.24,11:34:41
195,2984094,1,ST,1296f0143f3db25a0a16f7e9c387746c,21.06.24,ST,,0,4052798,21.06.24,11:27:57
775,3177725,"          40,00",M,8f565cf6fe719dd954f91ba42c51fa6a,08.07.24,M,,0,4058614,21.06.24,13:34:58
776,3177725,"           8,00",M,ff4b913fe880697ab00dda9b7ce69368,08.07.24,M,,0,4058614,21.06.24,13:34:58
777,3177725,"           8,00",M,ff4b913fe880697ab00dda9b7ce69368,08.07.24,M,,0,4058614,21.06.24,13:34:58
778,3177725,"          11,00",M,ff4b913fe880697ab00dda9b7ce69368,08.07.24,M,,0,4058614,21.06.24,13:34:59
779,3177725,"          11,00",M,ff4b913fe880697ab00dda9b7ce69368,08.07.24,M,,0,4058614,21.06.24,13:34:59
780,3177725,"          10,00",M,ff4b913fe880697ab00dda9b7ce69368,08.07.24,M,,0,4058614,21.06.24,13:34:59
3531,3222120,1,ST,5d6d61168d2fcf2df013b52bd6ada63d,03.08.24,ST,X,0,4059936,21.06.24,13:38:08
3536,3222120,4,ST,09588fe3cf97d972bbb22a4a2799517a,03.08.24,ST,,0,4059936,21.06.24,13:38:09
3544,3222120,1,ST,5d6d61168d2fcf2df013b52bd6ada63d,03.08.24,ST,,0,4059936,21.06.24,13:38:09
3545,3222120,1,ST,ba3f64f9b84e58115c56035b373a585a,03.08.24,ST,X,0,4059936,21.06.24,13:38:10
3550,3222120,8,ST,09588fe3cf97d972bbb22a4a2799517a,03.08.24,ST,,0,4059936,21.06.24,13:38:10
3560,3222120,1,ST,ba3f64f9b84e58115c56035b373a585a,03.08.24,ST,,0,4059936,21.06.24,13:38:10
591,3280112,1,ST,afbefc9ce34dd071ba55285854fc019d,23.08.24,ST,,0,4061697,21.06.24,13:44:24
1,3289272,1,ST,1bee24ddd92dc31abd044d699b79aac6,21.08.24,ST,X,0,4061972,21.06.24,13:57:44
2,3289272,1,ST,5a56826753906f65f9c925f25624357b,21.08.24,ST,,0,4061972,21.06.24,13:57:53
3,3289272,1,ST,1bee24ddd92dc31abd044d699b79aac6,21.08.24,ST,,0,4061972,21.06.24,13:57:53
2273,3201295,16,ST,3b6fe944231d5478c7d1fedeb4e62d24,21.06.24,ST,,0,4059346,21.06.24,09:35:24
4701,3272506,4,ST,7e670bd41832e98ce45532d363466dfc,21.06.24,ST,,0,4061452,21.06.24,09:33:50
4703,3272506,50,ST,1dca41e3a4f57639dddf4b5a5e1a0fbe,21.06.24,ST,,0,4061452,21.06.24,11:59:46
16,3266019,2,ST,110b0661ffe761fc88abef81d9a1c5a6,21.06.24,ST,,0,4061298,21.06.24,12:06:01
17,3266019,1,ST,6a2f738dbeda09432f4ee4a31c434f19,21.06.24,ST,,0,4061298,21.06.24,12:06:02
4651,3179905,2,ST,13f895a92ba95478cc80a856d139b86d,21.06.24,ST,,0,4058724,21.06.24,11:59:30
4633,3183417,1,ST,60a298b8bfd11e4161a36f1ba86defe1,21.06.24,ST,,0,4058859,21.06.24,12:12:16
4634,3183417,1,ST,f7026d141f81b5a7ba093a00a1fc1ef2,21.06.24,ST,,0,4058859,21.06.24,12:12:17
3827,3007651,1,ST,c8b7dad7b7117ce68b009ae70838fa42,12.07.24,ST,,0,4053490,21.06.24,13:17:33
3829,3007651,1,ST,c8b7dad7b7117ce68b009ae70838fa42,12.07.24,ST,,0,4053490,21.06.24,13:17:33
3831,3007651,1,ST,c8b7dad7b7117ce68b009ae70838fa42,12.07.24,ST,,0,4053490,21.06.24,13:17:34
3833,3007651,1,ST,c8b7dad7b7117ce68b009ae70838fa42,12.07.24,ST,,0,4053490,21.06.24,13:17:34
3835,3007651,1,ST,c8b7dad7b7117ce68b009ae70838fa42,12.07.24,ST,,0,4053490,21.06.24,13:17:34
3837,3007651,1,ST,c8b7dad7b7117ce68b009ae70838fa42,12.07.24,ST,,0,4053490,21.06.24,13:17:35
3839,3007651,2,ST,c8b7dad7b7117ce68b009ae70838fa42,12.07.24,ST,,0,4053490,21.06.24,13:17:36
727,3247227,1,ST,aeab23711886bd66e0d2a400cdbc156d,18.07.24,ST,X,0,4060619,21.06.24,13:23:13
730,3247227,1,ST,dc3400c362a7a976ddab6010d550668c,18.07.24,ST,X,0,4060619,21.06.24,13:23:14
4676,3272506,1,ST,09c3fb7bf36451c4fd806d8f8f0bf157,30.08.24,ST,X,0,4061452,21.06.24,07:08:34
2377,3054805,1,ST,6124ded6e85f27531bd9d7e906e2d5c9,08.07.24,ST,X,0,4054908,21.06.24,13:24:44
332,3179643,1,ST,1c1d3616c10b2802ac7d64a33a2b7ddb,03.07.24,ST,X,0,4058709,21.06.24,13:25:19
335,3179643,1,ST,1c1d3616c10b2802ac7d64a33a2b7ddb,03.07.24,ST,,0,4058709,21.06.24,13:25:38
2935,2959203,2,ST,2c9226997d02a87502db85d5ddd992dd,21.06.24,ST,,0,4052148,21.06.24,06:45:21
2936,2959203,2,ST,e37b0c564d639fcc3c468d081cca83ce,21.06.24,ST,,0,4052148,21.06.24,06:45:35
4545,3174578,3,MM,69b8f5a31807b5cc855189d16c929e93,21.06.24,MM,,0,4058495,21.06.24,11:22:34
4702,3272506,3,ST,0e4a50f50e0816c68d4da79eee95097d,21.06.24,ST,,0,4061452,21.06.24,11:10:10
618,3289800,1,ST,8e130c4e0d6c67824231a78acf362677,06.09.24,ST,X,0,4061992,21.06.24,14:52:37
619,3289800,1,ST,2ea3d2bfa9475e34280322ed85915f89,06.09.24,ST,,0,4061992,21.06.24,14:52:51
620,3289800,1,ST,dbbf3cf34136de4dd5e222d02d84a12b,06.09.24,ST,,0,4061992,21.06.24,14:52:52
621,3289800,1,ST,e8c13b4b42aef3ae0f6f11585b2f966a,06.09.24,ST,,0,4061992,21.06.24,14:52:52
622,3289800,1,ST,955e95e0fc43861d5fda991bf15ee05f,06.09.24,ST,,0,4061992,21.06.24,14:52:52
623,3289800,3,ST,cf135809e1a4ed50ee45be8fb1333750,06.09.24,ST,,0,4061992,21.06.24,14:52:52
624,3289800,1,ST,8e130c4e0d6c67824231a78acf362677,06.09.24,ST,,0,4061992,21.06.24,14:52:52
1,3298344,1,ST,d3b7a2f1679c6ed4778051b597036473,02.08.24,ST,X,0,4062287,21.06.24,09:36:44
2,3298344,1,ST,91ebe49458bd244075df08c5e1f9eca9,02.08.24,ST,,0,4062287,21.06.24,09:36:56
7,3298344,1,ST,bf33562f7167c0806adbedbf9706d051,02.08.24,ST,,0,4062287,21.06.24,09:36:57
12,3298344,3,ST,5402543ebebacaebfa27f24dc3f5acda,02.08.24,ST,,0,4062287,21.06.24,09:36:58
16,3298344,1,ST,b32221afceb0bb83fa0ce3c7b9cb7b31,02.08.24,ST,,0,4062287,21.06.24,09:36:59
21,3298344,1,ST,b28ae30e5c9ecf8fd6ca6c4ef7d0632a,02.08.24,ST,,0,4062287,21.06.24,09:37:00
25,3298344,1,ST,d3b7a2f1679c6ed4778051b597036473,02.08.24,ST,,0,4062287,21.06.24,09:37:00
3,3298344,1,ST,65645ac13c004e8fe806978f247cf4cb,02.08.24,ST,,0,4062287,21.06.24,09:36:57
4,3298344,1,ST,3fee0d1577f1c64dc31beb2a5354c970,02.08.24,ST,,0,4062287,21.06.24,09:36:57
5,3298344,1,ST,8e41e0c0bdc5f0deaf5fb79679c51624,02.08.24,ST,,0,4062287,21.06.24,09:36:57
6,3298344,1,ST,160159f1bf84c4313b7affd6764037b9,02.08.24,ST,,0,4062287,21.06.24,09:36:57
8,3298344,1,ST,65645ac13c004e8fe806978f247cf4cb,02.08.24,ST,,0,4062287,21.06.24,09:36:58
9,3298344,1,ST,3fee0d1577f1c64dc31beb2a5354c970,02.08.24,ST,,0,4062287,21.06.24,09:36:58
10,3298344,1,ST,8e41e0c0bdc5f0deaf5fb79679c51624,02.08.24,ST,,0,4062287,21.06.24,09:36:58
11,3298344,1,ST,76efbf47950d8348b454bd9b4a637a79,02.08.24,ST,,0,4062287,21.06.24,09:36:58
13,3298344,3,ST,44cb0d940fc67cce86b084320929a1bd,02.08.24,ST,,0,4062287,21.06.24,09:36:59
14,3298344,3,ST,49ea322a3d751ef63ea9c379b47b7531,02.08.24,ST,,0,4062287,21.06.24,09:36:59
15,3298344,3,ST,76892f732b6072dd8bf7fe4815203f37,02.08.24,ST,,0,4062287,21.06.24,09:36:59
17,3298344,1,ST,256eb8be6d5b79519df968f3ca8f4abb,02.08.24,ST,,0,4062287,21.06.24,09:37:00
18,3298344,2,ST,31a6273f7a6e870c207ddfe0b896ac4c,02.08.24,ST,,0,4062287,21.06.24,09:37:00
19,3298344,2,ST,c5802bc5b067e6631b505a6ce36d133a,02.08.24,ST,,0,4062287,21.06.24,09:37:00
20,3298344,2,ST,080fe0c181b1b2804e9fc59322612eee,02.08.24,ST,,0,4062287,21.06.24,09:37:00
22,3298344,1,ST,82dec1d901ed0bcbb938686e21c5d189,02.08.24,ST,,0,4062287,21.06.24,09:37:00
23,3298344,1.15,MM,651bcbf9092f93bf16f37c86f8264b3d,02.08.24,MM,,0,4062287,21.06.24,09:37:00
24,3298344,2,ST,528950ad26113703c82c9a03afc9fc2a,02.08.24,ST,,0,4062287,21.06.24,09:37:00
1051,3292758,2,ST,3025fa0dc46e7cf192ff67d499da6fea,12.07.24,ST,,0,4062113,21.06.24,09:38:38
4370,3194976,1,ST,c9ef50e29a33e82964c62c7d3756fadd,22.07.24,ST,X,0,4059175,21.06.24,14:56:37
4432,3194976,1,ST,749186ebb96b2ae09cb86b9447a166e4,22.07.24,ST,X,0,4059175,21.06.24,14:57:55
4465,3194976,1,ST,537e1dd0e502c490c751f26287fab59f,22.07.24,ST,X,0,4059175,21.06.24,14:58:40
4481,3194976,1,ST,e422fdd6ae96f9c367f8b526ec8b95b3,22.07.24,ST,X,0,4059175,21.06.24,14:59:24
4526,3194976,1,ST,d54b3870bd4db7bcec5ccc71c850d6ca,22.07.24,ST,X,0,4059175,21.06.24,15:00:28
160,3289862,1,ST,5d908441e0611d6ecf78271c27578012,06.09.24,ST,X,0,4061994,21.06.24,15:03:02
161,3289862,1,ST,d14c48efe172cb6ff6e6cafaa9f9d097,06.09.24,ST,,0,4061994,21.06.24,15:03:09
162,3289862,1,ST,5ed095ebeef0c3c5eaf9a733e9b29eac,06.09.24,ST,,0,4061994,21.06.24,15:03:10
163,3289862,2,ST,8ccb2096a1c784b89d0e173145bd28fb,06.09.24,ST,,0,4061994,21.06.24,15:03:10
164,3289862,1,ST,5c0fd616dc5b6382d5036519fbea0032,06.09.24,ST,,0,4061994,21.06.24,15:03:10
165,3289862,1,ST,14f0f7626ad05afb239f75b0be43e885,06.09.24,ST,,0,4061994,21.06.24,15:03:10
166,3289862,1,ST,cedb6c2d3cd7ed0c3a8cabc9dd2ac74f,06.09.24,ST,,0,4061994,21.06.24,15:03:10
167,3289862,1,ST,415b05923bffd6421be230ea4c0df116,06.09.24,ST,,0,4061994,21.06.24,15:03:10
168,3289862,1,ST,e62e2c648762dfce15a0a96cd3d6f174,06.09.24,ST,,0,4061994,21.06.24,15:03:10
169,3289862,1.2,MM,c58fa90c302f74c2864968506cce4cef,06.09.24,MM,,0,4061994,21.06.24,15:03:10
170,3289862,1,ST,dd85a726217bf25bb2b2ff8e1fde018e,06.09.24,ST,,0,4061994,21.06.24,15:03:10
171,3289862,1,ST,d42982d78eca93b7ce6af45928d0db92,06.09.24,ST,,0,4061994,21.06.24,15:03:11
172,3289862,1,SA,82758851e61c685c9980ddf3bbd1b06e,06.09.24,SA,,0,4061994,21.06.24,15:03:11
173,3289862,1,ST,5d908441e0611d6ecf78271c27578012,06.09.24,ST,,0,4061994,21.06.24,15:03:11
1808,3134917,12,ST,520d41e922a7e94c9f5ea5000ec23603,28.06.24,ST,,0,4057416,21.06.24,15:20:26
1809,3134917,4,ST,f880b695350776857b8620bb84aeedd1,28.06.24,ST,,0,4057416,21.06.24,15:20:27
4371,3194976,1,ST,874b1a6761916c9103eccda962b50ab1,05.08.24,ST,,0,4059175,21.06.24,14:56:38
4382,3194976,1,ST,fcd677e5999f6113954f6243c1d4d15d,03.07.24,ST,,0,4059175,21.06.24,14:56:38
4389,3194976,1,ST,64ce1f590b681e01a5167d8e6d09e2fc,03.07.24,ST,,0,4059175,21.06.24,14:56:38
4403,3194976,1,ST,85425621ae848a0910547eef6b03a838,19.07.24,ST,,0,4059175,21.06.24,14:56:38
4405,3194976,1,ST,9c5ea133e989a3d9028d0911bedaba21,19.07.24,ST,,0,4059175,21.06.24,14:56:38
4411,3194976,3,ST,da1d7a366beb337a0dbb84f624e7ac0b,12.07.24,ST,,0,4059175,21.06.24,14:56:38
4414,3194976,1,ST,9a3a83970fc827bcd52de6648edfa442,12.07.24,ST,,0,4059175,21.06.24,14:56:38
4420,3194976,1,ST,6f1496ab8a93661c664eb41ad57cf3f1,12.07.24,ST,,0,4059175,21.06.24,14:56:38
4425,3194976,1,ST,2f6675669def19db67edb93582c1f29a,12.07.24,ST,,0,4059175,21.06.24,14:56:38
4431,3194976,1,ST,c9ef50e29a33e82964c62c7d3756fadd,03.07.24,ST,,0,4059175,21.06.24,14:56:38
4441,3194976,1,ST,ff1ad3101d47c0ae8455bfd74b576673,03.07.24,ST,,0,4059175,21.06.24,14:57:56
4442,3194976,1,ST,cd2c4496a7df6a592ae1439f791f5746,03.07.24,ST,,0,4059175,21.06.24,14:57:56
4450,3194976,1,ST,ea179bd27e33bf412c82bf041eb99df5,03.07.24,ST,,0,4059175,21.06.24,14:57:56
4464,3194976,1,ST,749186ebb96b2ae09cb86b9447a166e4,03.07.24,ST,,0,4059175,21.06.24,14:57:56
4480,3194976,1,ST,537e1dd0e502c490c751f26287fab59f,03.07.24,ST,,0,4059175,21.06.24,14:58:40
4487,3194976,1,ST,ff1ad3101d47c0ae8455bfd74b576673,03.07.24,ST,,0,4059175,21.06.24,14:59:25
4488,3194976,1,ST,cd2c4496a7df6a592ae1439f791f5746,03.07.24,ST,,0,4059175,21.06.24,14:59:25
4493,3194976,1,ST,5661a7d62aad8fb76653cd21131ffb98,03.07.24,ST,,0,4059175,21.06.24,14:59:25
4495,3194976,1,ST,ea179bd27e33bf412c82bf041eb99df5,03.07.24,ST,,0,4059175,21.06.24,14:59:25
4518,3194976,1,ST,fcd677e5999f6113954f6243c1d4d15d,03.07.24,ST,,0,4059175,21.06.24,14:59:25
4525,3194976,1,ST,e422fdd6ae96f9c367f8b526ec8b95b3,03.07.24,ST,,0,4059175,21.06.24,14:59:25
4527,3194976,1,ST,ff1ad3101d47c0ae8455bfd74b576673,03.07.24,ST,,0,4059175,21.06.24,15:00:29
4528,3194976,1,ST,cd2c4496a7df6a592ae1439f791f5746,03.07.24,ST,,0,4059175,21.06.24,15:00:29
4535,3194976,1,ST,32a1a2eb83ce86005f458e3e5c1ec59c,03.07.24,ST,,0,4059175,21.06.24,15:00:29
4551,3194976,1,ST,eee852fa7e528f05dca073fa84b6acb3,03.07.24,ST,,0,4059175,21.06.24,15:00:29
4602,3194976,1,ST,d54b3870bd4db7bcec5ccc71c850d6ca,03.07.24,ST,,0,4059175,21.06.24,15:00:29
625,3289800,1,ST,2c6dd835db46d9e1115cccfea04627b3,20.09.24,ST,,0,4061992,21.06.24,15:18:42
626,3289800,1,ST,1dc667ddf20619045da70c67003e65e5,20.09.24,ST,,0,4061992,21.06.24,15:18:43
627,3289800,1,ST,be54a3fa6eb9053a2d27a7868e297756,20.09.24,ST,,0,4061992,21.06.24,15:18:43
628,3289800,1,ST,6d44647e18208c502185c5a8cdef1eba,20.09.24,ST,,0,4061992,21.06.24,15:18:43
629,3289800,1,ST,190af8950b54b2b5a66c4859c01c2a69,20.09.24,ST,,0,4061992,21.06.24,15:18:44
1100,3133478,1,ST,1fa4b33e68dd652b8ad8725071c18b05,22.06.24,ST,X,0,4057369,21.06.24,07:48:21
1101,3133478,1,ST,81c80da16510eaf2366b518a4f287cb2,22.06.24,ST,,0,4057369,21.06.24,07:48:33
1106,3133478,1,ST,50193bd30772c9d7695125741e8d69f7,22.06.24,ST,,0,4057369,21.06.24,07:48:33
2233,3150965,1,ST,951cb5d2a1570d1e3693864908505b07,19.07.24,ST,X,0,4057834,21.06.24,06:41:34
2234,3150965,1,ST,e42fa9144aaec8b0e822a2f8a110ffe5,19.07.24,ST,X,0,4057834,21.06.24,06:41:34
2236,3150965,1,ST,272b84dc5c1b6c3808e021235f7c5fb2,19.07.24,ST,,0,4057834,21.06.24,06:41:48
2237,3150965,1,ST,86782cc9619fc734205ce7192609db25,19.07.24,ST,,0,4057834,21.06.24,06:41:48
2240,3150965,1,ST,272b84dc5c1b6c3808e021235f7c5fb2,19.07.24,ST,,0,4057834,21.06.24,06:41:52
2241,3150965,1,ST,86782cc9619fc734205ce7192609db25,19.07.24,ST,,0,4057834,21.06.24,06:41:52
1411,2939351,1,ST,9b4534154cb65a79531c3d4c29278f80,05.07.24,ST,X,0,4051686,21.06.24,10:30:39
1415,2939351,1,ST,9b4534154cb65a79531c3d4c29278f80,05.07.24,ST,,0,4051686,21.06.24,10:30:49
1716,39639,1,ST,301cc3cd3c43f5c8c9e94356c6b73842,30.08.24,ST,,0,4001424,21.06.24,15:39:54
1717,39639,1,ST,301cc3cd3c43f5c8c9e94356c6b73842,14.11.24,ST,,0,4001424,21.06.24,15:39:56
1718,39639,1,ST,301cc3cd3c43f5c8c9e94356c6b73842,14.11.24,ST,,0,4001424,21.06.24,15:39:58
515,3258993,1,ST,04193d8220b01308b9004004478b14f7,30.08.24,ST,,0,4061104,21.06.24,15:59:26
202,3258990,1,ST,73846b7a3e47e39304a6db154f83c79b,02.08.24,ST,X,0,4061101,21.06.24,16:00:14
204,3258990,1,ST,73846b7a3e47e39304a6db154f83c79b,02.08.24,ST,,0,4061101,21.06.24,16:00:20
8112,3022605,2,ST,e38cbb8c1c6c23d8f0b0d7bb94ef5d68,21.06.24,ST,X,0,4053978,21.06.24,11:15:56
449,3234424,1,ST,da18791ef4fd844e5aa519b5f819d8bc,21.06.24,ST,,0,4060263,21.06.24,06:25:23
166,3281306,1,ST,d57d3e9de31db79258cf284dbcedc638,13.09.24,ST,X,0,4061745,21.06.24,12:32:52
167,3281306,5,ST,c038c20ff12a7905fd0f9e0db740dd29,13.09.24,ST,,0,4061745,21.06.24,12:33:22
168,3281306,5,ST,3a4d806ef640b0f9438b3c3aec3f0c4c,13.09.24,ST,,0,4061745,21.06.24,12:33:22
169,3281306,4,ST,51194e1041e1d7618b042e1d233eed4d,13.09.24,ST,,0,4061745,21.06.24,12:33:22
1102,3133478,1,ST,fd76131f5bffa602b0f3c0e972f236b0,22.06.24,ST,,0,4057369,21.06.24,07:48:33
1103,3133478,1,ST,b360c17d87e97ad45833ebda57319398,22.06.24,ST,,0,4057369,21.06.24,07:48:33
1104,3133478,1,ST,f20ecfaceeab40936b7e369f0c2c0584,22.06.24,ST,,0,4057369,21.06.24,07:48:33
1105,3133478,1,ST,86095dca49e8c4a988ac2438008b2640,22.06.24,ST,,0,4057369,21.06.24,07:48:33
1107,3133478,1,ST,2fb6b585b936c8418af1e76ddbce0563,22.06.24,ST,,0,4057369,21.06.24,07:48:33
1108,3133478,1,ST,ea723f351983ec77920253f0016432a0,22.06.24,ST,,0,4057369,21.06.24,07:48:33
1109,3133478,1,ST,c43e00bbc6a468a7e08c8a3e8b2300a4,22.06.24,ST,,0,4057369,21.06.24,07:48:33
1110,3133478,1,ST,4de7eddac8c68c6006a530627c61bbbb,22.06.24,ST,,0,4057369,21.06.24,07:48:33
1111,3133478,1,ST,e0cef21e6993a97784eaeb73874ebfe3,22.06.24,ST,,0,4057369,21.06.24,07:48:33
1112,3133478,1,ST,c1215d9e3188fffe484c395be8490af0,22.06.24,ST,,0,4057369,21.06.24,07:48:33
1113,3133478,1,ST,a3f5a837a731c21cf3bfe624df240878,22.06.24,ST,,0,4057369,21.06.24,07:48:33
1114,3133478,1,ST,f4ba3e1502e4703103b26e0cb8ec5462,22.06.24,ST,,0,4057369,21.06.24,07:48:33
1115,3133478,1,ST,c250c4694f1476ea550e28d518538fad,22.06.24,ST,,0,4057369,21.06.24,07:48:33
4603,3194976,1,ST,a5f17c36f45f152260b258a5be7cee4d,29.07.24,ST,X,0,4059175,21.06.24,17:15:41
4604,3194976,1,ST,0eb38a6d9afc9238d4e70ce843b6ad1f,29.07.24,ST,,0,4059175,21.06.24,17:15:42
4611,3194976,1,ST,f1a50152d66014927388951cfd73c2c0,29.07.24,ST,,0,4059175,21.06.24,17:15:42
4618,3194976,1,ST,89e58e1ce03def93783818df22131d01,29.07.24,ST,,0,4059175,21.06.24,17:15:42
4621,3194976,1,ST,e0dc02f4a3e2a61ffc581a96f4de5a7b,29.07.24,ST,,0,4059175,21.06.24,17:15:42
4622,3194976,1,ST,a81d890c776ef61285341bf455622c4b,29.07.24,ST,,0,4059175,21.06.24,17:15:42
4626,3194976,1,ST,6fc9b50910a53f36aa80f7667b722cf5,29.07.24,ST,,0,4059175,21.06.24,17:15:42
4634,3194976,1,ST,7c0fdfda86f679a46232427387c3bf0d,29.07.24,ST,,0,4059175,21.06.24,17:15:42
3537,3222120,4,ST,e99e0d092da3e26d56a1d46557a5c8e3,03.08.24,ST,,0,4059936,21.06.24,13:38:09
3551,3222120,8,ST,e99e0d092da3e26d56a1d46557a5c8e3,03.08.24,ST,,0,4059936,21.06.24,13:38:10
4642,3194976,1,ST,8d2251b9cbd950adb481ba6bcd6cc64f,29.07.24,ST,,0,4059175,21.06.24,17:15:42
4643,3194976,1,ST,7c0fdfda86f679a46232427387c3bf0d,29.07.24,ST,,0,4059175,21.06.24,17:15:42
4652,3194976,1,ST,25b6e5583b2c4df6533f92e0cb144c72,29.07.24,ST,,0,4059175,21.06.24,17:15:42
4653,3194976,1,ST,097dd1954a1cef10033c0f172b6b2d5c,29.07.24,ST,,0,4059175,21.06.24,17:15:42
4662,3194976,1,ST,d34364a3eac2f81b5a810ba21ab6a940,29.07.24,ST,,0,4059175,21.06.24,17:15:42
4665,3194976,1,ST,097dd1954a1cef10033c0f172b6b2d5c,29.07.24,ST,,0,4059175,21.06.24,17:15:42
4673,3194976,1,ST,270831a8e736694b0446d0cceadb100a,29.07.24,ST,,0,4059175,21.06.24,17:15:42
4676,3194976,1,ST,a5f17c36f45f152260b258a5be7cee4d,29.07.24,ST,,0,4059175,21.06.24,17:15:42
4677,3194976,1,ST,e0b9ba2bfc9f88c132ade1c3a00d2198,24.06.24,ST,X,0,4059175,21.06.24,17:18:57
4683,3194976,1,ST,e0b9ba2bfc9f88c132ade1c3a00d2198,24.06.24,ST,,0,4059175,21.06.24,17:18:57
4684,3194976,1,ST,e0b9ba2bfc9f88c132ade1c3a00d2198,28.06.24,ST,X,0,4059175,21.06.24,17:20:49
4690,3194976,1,ST,e0b9ba2bfc9f88c132ade1c3a00d2198,28.06.24,ST,,0,4059175,21.06.24,17:20:50
4692,3194976,1,ST,e0b9ba2bfc9f88c132ade1c3a00d2198,28.06.24,ST,X,0,4059175,21.06.24,17:21:45
4698,3194976,1,ST,e0b9ba2bfc9f88c132ade1c3a00d2198,28.06.24,ST,,0,4059175,21.06.24,17:21:45
4406,3194976,10,MM,f94209bd4dca81788a838bb15987f89d,19.07.24,MM,,0,4059175,21.06.24,14:56:38
4605,3194976,1,ST,5cdce6a7646b41727fd838e647a03fd0,29.07.24,ST,,0,4059175,21.06.24,17:15:42
4606,3194976,1,ST,2f3d9739303cad424169ec3b42686a23,29.07.24,ST,,0,4059175,21.06.24,17:15:42
4607,3194976,1,ST,85d261be79b72049d5a64fd9d708dc13,29.07.24,ST,,0,4059175,21.06.24,17:15:42
4608,3194976,1,ST,3c02c45d0d33dd1992f4f3672a2cd48d,29.07.24,ST,,0,4059175,21.06.24,17:15:42
4609,3194976,1,ST,6d3347c7262d817e67b4e87fdc9e3b63,29.07.24,ST,,0,4059175,21.06.24,17:15:42
4610,3194976,4,ST,e63bc02fc7808a291df0baff9efbd3a5,29.07.24,ST,,0,4059175,21.06.24,17:15:42
4612,3194976,1,ST,d681055714320ea8e7d0da7b1b336716,29.07.24,ST,,0,4059175,21.06.24,17:15:42
4613,3194976,1,ST,785c982c30c561c8849263c31a9dc49b,29.07.24,ST,,0,4059175,21.06.24,17:15:42
4614,3194976,2,ST,e63bc02fc7808a291df0baff9efbd3a5,29.07.24,ST,,0,4059175,21.06.24,17:15:42
4615,3194976,1,ST,c22bd21421edb3d39b971ac42a199c63,29.07.24,ST,,0,4059175,21.06.24,17:15:42
4616,3194976,6,ST,f57ebef802265cf9aafcb9b4bdae0bac,29.07.24,ST,,0,4059175,21.06.24,17:15:42
4617,3194976,1,ST,3c02c45d0d33dd1992f4f3672a2cd48d,29.07.24,ST,,0,4059175,21.06.24,17:15:42
4619,3194976,1,ST,d77a9750e779eee238b43047e6fdeedb,29.07.24,ST,,0,4059175,21.06.24,17:15:42
4620,3194976,1,ST,49b5df9945e45a191ebea925a7464988,29.07.24,ST,,0,4059175,21.06.24,17:15:42
4623,3194976,1,ST,804e9fcbb605dac44a546b1bf5a13732,29.07.24,ST,,0,4059175,21.06.24,17:15:42
4624,3194976,1,ST,cb23aae2221b7ecf6a6f32b4f30e7ae2,29.07.24,ST,,0,4059175,21.06.24,17:15:42
4625,3194976,1,ST,dc8907e77c3156a9ae9f059feb57b89d,29.07.24,ST,,0,4059175,21.06.24,17:15:42
4627,3194976,1,ST,05f8616af03bb953bfabb1bc90ba7b5d,29.07.24,ST,,0,4059175,21.06.24,17:15:42
4628,3194976,1,ST,8bf364226a05e349d2528c3953d42852,29.07.24,ST,,0,4059175,21.06.24,17:15:42
4629,3194976,1,ST,b5ef8922671a8e38cf256a2de783e478,29.07.24,ST,,0,4059175,21.06.24,17:15:42
4630,3194976,1,ST,d9b42d636cb5c5f802e477c0c67767bd,29.07.24,ST,,0,4059175,21.06.24,17:15:42
4631,3194976,3,MM,9970c1f0d54ae4ef298c3d7b9c3f07e5,29.07.24,MM,,0,4059175,21.06.24,17:15:42
4632,3194976,1,ST,1b85df53fe05ae269fc9c26dfde18d3d,29.07.24,ST,,0,4059175,21.06.24,17:15:42
4633,3194976,1,ST,26d0805ba80def14510c131b2987e4e9,29.07.24,ST,,0,4059175,21.06.24,17:15:42
4635,3194976,1,ST,e753a3b10fc31807f9305ab62166e05e,29.07.24,ST,,0,4059175,21.06.24,17:15:42
4636,3194976,1,ST,202f5b05257ea5c2e58d19fe99264ffd,29.07.24,ST,,0,4059175,21.06.24,17:15:42
4637,3194976,1,ST,444265cdaa09a2ea283845f46cff3d72,29.07.24,ST,,0,4059175,21.06.24,17:15:42
4638,3194976,1,ST,dbfb54334b7998149b028e20e634e2bb,29.07.24,ST,,0,4059175,21.06.24,17:15:42
4639,3194976,1,ST,54671593a4dff76d9fb3d90e080b95c1,29.07.24,ST,,0,4059175,21.06.24,17:15:42
4640,3194976,1,ST,e673fbf40c1e5f7608613e70b3a5ba23,29.07.24,ST,,0,4059175,21.06.24,17:15:42
4641,3194976,1,ST,7a6d540dbb198b9ee369dcdb7d1480ac,29.07.24,ST,,0,4059175,21.06.24,17:15:42
4644,3194976,1,ST,e753a3b10fc31807f9305ab62166e05e,29.07.24,ST,,0,4059175,21.06.24,17:15:42
1,3304544,1,ST,058b76f6da121f672a40eef318352b74,01.07.24,ST,X,0,4062507,21.06.24,08:05:57
4,3304544,1,ST,058b76f6da121f672a40eef318352b74,01.07.24,ST,,0,4062507,21.06.24,08:06:17
333,3281308,3,ST,9ba6bf2c5407868247b4e223b7d13d75,30.10.24,ST,,0,4061746,21.06.24,08:28:25
334,3281308,2,ST,47fbfc420c71288d35d60b06b1d818b6,30.10.24,ST,,0,4061746,21.06.24,08:28:25
335,3281308,1,ST,23d03c853bdbf8ef20007d49864f6bdf,30.10.24,ST,,0,4061746,21.06.24,08:28:25
336,3281308,1,ST,91059d7f1d325e442d7215c1f2ac7653,30.10.24,ST,,0,4061746,21.06.24,08:28:25
337,3281308,1,ST,bc42d2fbd7f5d0bef1b9f9d69cfd7552,30.10.24,ST,,0,4061746,21.06.24,08:28:25
338,3281308,1,ST,9ec9ad534465f4cfe53f311b0f1775c0,30.10.24,ST,,0,4061746,21.06.24,08:28:25
3568,3143688,30,MM,553017f6f2f0e249c8d31848f0eac53b,21.06.24,MM,,0,4057593,21.06.24,09:24:29
3569,3143688,30,MM,553017f6f2f0e249c8d31848f0eac53b,21.06.24,MM,,0,4057593,21.06.24,09:27:27
